grh_name(synthetic),std_degree,std_core,avg_core,nodes,density,max_degree,avg_degree,mxc_std_degree,mxc_nodes,mxc_edges,mxc_density,mxc_max_degree,mxc_avg_degree,R,min_core,degeneracy,upper_bound,edge,sub_edge,time_1,time_2,time_3,time_4,time_5,time_6,time_7,time_8,best_label
scale_free_graph_m_21,35.62746868,4.481167207,11.17620824,100001,0.00022,2064,21.95848,36.31366441,38914,569787,0.000753,1447,29.284422,3,0,15,33,1097924,1094751,13.46,13.23,10.4,12.27,13.14,13.29,14.07,12.04,8
scale_free_graph_m_22,36.56953271,4.760552351,11.81269187,100001,0.000231,2294,23.0529,36.79385605,34571,531453,0.000889,1527,30.745596,3,0,16,35,1152645,1149598,10.31,9.91,11.6,11.64,10.3,9.6,12.06,11.25,6
scale_free_graph_m_23,37.870138,4.971670078,12.31715683,100001,0.00024,1869,24.0183,36.44090698,21710,348197,0.001478,987,32.077107,3,0,17,37,1200915,1198092,11.63,10.05,11.17,11.31,10.78,10.35,11.56,10.17,8
scale_free_graph_m_24,40.18627661,5.078081598,12.71050289,100001,0.00025,2929,25.00754,21.03288219,427,6859,0.075414,212,32.126464,3,0,18,40,1250377,1247617,18.92,18.96,19.78,17.63,18.04,17.96,15.72,16.85,7
scale_free_graph_m_25_2nd_time,42.63727439,5.363944103,13.30567847,200001,0.00013,3407,26.00868,43.2076639,67449,1168793,0.000514,2260,34.657089,3,0,18,40,2600868,2595685,46.72,40.69,47.48,48.22,48.74,45.87,49.7,40.67,8
scale_free_graph_m_26_2nd_time,44.56866511,5.607270503,13.80604097,200001,0.000135,3503,26.9496,43.98060143,45855,824742,0.000784,1985,35.971737,3,0,19,42,2694960,2689822,45.98,45.67,36.62,45.69,46.24,45.91,44.3,44.79,7
scale_free_graph_m_26,41.45403483,5.624368248,13.84783152,100001,0.00027,1865,27.01038,40.40214857,25611,461896,0.001408,1097,36.070126,3,0,19,42,1350519,1347931,19.16,20.21,20.79,20.09,21.62,19.54,21.68,18.2,8
scale_free_graph_m_27_2nd_time,45.58826595,5.71400319,14.20731396,200001,0.00014,2828,28.00259,27.86579782,1232,22578,0.029775,270,36.652597,3,0,20,44,2800259,2795242,65.35,66.23,60.45,63.92,60.52,62.26,62.44,65.5,5
scale_free_graph_m_27,43.51237465,5.732677727,14.1696383,100001,0.000279,2197,27.89694,28.04741338,1327,24564,0.02792,294,37.021854,3,0,20,44,1394847,1392265,26.2,24.29,23.61,22.11,23.92,23.93,24.3,24.41,5
scale_free_graph_m_28_2nd_time,46.8055727,6.002898168,14.80190099,200001,0.000145,3199,28.99089,47.52144532,69217,1337886,0.000559,2170,38.657729,3,0,20,44,2899089,2894363,44.51,47.73,41.23,46.98,52.5,43.69,50.48,47.59,6
scale_free_graph_m_28,45.20002169,5.990244763,14.76595234,100001,0.000289,2210,28.94444,45.25134389,33105,640406,0.001169,1462,38.689382,3,0,20,44,1447222,1444831,45.8,38.51,42.1,44.82,45.42,41.33,45.57,39.97,8
scale_free_graph_m_29_2nd_time,49.08353348,6.209367676,15.28640857,200001,0.00015,3231,29.93348,47.94999196,43125,862181,0.000927,1710,39.985206,3,0,21,46,2993348,2988714,143.51,158.78,160.01,154.04,152.92,151.52,154.78,149.63,8
scale_free_graph_m_29,46.09137597,6.209143,15.30738693,100001,0.000299,2349,29.93868,44.57175683,23850,476980,0.001677,1290,39.998323,3,0,21,46,1496934,1494692,39.63,34.67,36.58,32.18,35.41,34.26,36.57,32.4,8
scale_free_graph_m_30_2nd_time,50.51532857,6.317702753,15.67757661,200001,0.000154,3393,30.89751,19.04445087,236,4383,0.15806,128,37.144068,3,0,22,48,3089751,3085260,156.96,161.45,151.44,142.53,152.6,142.41,154.82,138.03,8
scale_free_graph_m_31_2nd_time,51.81133203,6.601364601,16.28791856,200001,0.00016,3380,31.99233,52.64380681,67752,1447435,0.000631,2272,42.727447,3,0,22,48,3199233,3195038,79.19,71.04,81.01,77.98,71.73,79.56,77.09,76.15,5
scale_free_graph_m_32_2nd_time,53.2041424,6.848809975,16.81595592,200001,0.000165,3483,32.96075,52.62966238,49470,1091138,0.000892,2017,44.113119,3,0,23,51,3296075,3291936,106.25,108.8,105.03,115.61,108.17,114.55,122.2,107.7,8
scale_free_graph_m_33_2nd_time,54.2282503,6.931590176,17.21251394,200001,0.00017,3163,33.96861,35.77727608,2088,47276,0.021698,378,45.283525,3,0,24,53,3396861,3392858,209.51,212.38,208.11,216.73,218.77,222.18,215.97,215.78,8
scale_free_graph_m_34_2nd_time,55.88909495,7.213561373,17.81016595,200001,0.000175,3254,35.01698,56.58992578,68465,1597635,0.000682,2172,46.670123,3,0,24,53,3501698,3497855,460.83,467.76,465.3,467.06,470.49,462.03,457.02,462.78,7
scale_free_graph_m_35_2nd_time,58.19289562,7.463194519,18.35326823,200001,0.00018,3943,36.01189,57.82294555,53009,1274743,0.000907,2318,48.095342,3,0,25,55,3601189,3597415,3608.29,3740.87,3622.16,3504.28,3635.6,3662.32,3537.27,3628.89,7
scale_free_graph_m_36_2nd_time,59.1069428,7.57257224,18.70118149,200001,0.000185,3571,37.02019,39.93838595,2572,63275,0.019138,483,49.202955,3,0,26,57,3702019,3698347,354.24,349.63,351.28,343.45,368.91,339.21,357.62,343.54,6
scale_free_graph_m_36,56.28637233,7.574412031,18.62526375,100001,0.000368,2683,36.80922,56.8471883,37840,930468,0.0013,1887,49.17907,3,0,25,55,1840461,1838488,1788.72,1773.73,1766.29,1733.27,1734.51,1753.37,1779.94,1705.42,8
scale_free_graph_m_37_2nd_time,60.75070094,7.838748919,19.27740361,200001,0.00019,3948,37.9967,61.4366897,67314,1709790,0.000755,2635,50.800428,3,0,26,57,3799670,3796057,551.36,554.05,550.09,564.54,560.4,583.43,565.54,585.08,5
scale_free_graph_m_37,57.24990444,7.85638208,19.26529735,100001,0.000379,2218,37.91656,57.15031009,34123,864117,0.001484,1483,50.647188,3,0,26,57,1895828,1893997,2304.37,2231.86,2130.82,2178.01,2304.26,2140.76,2290.32,2141.59,6
scale_free_graph_m_38_2nd_time,62.03090713,8.074978288,19.77252614,200001,0.000195,3627,38.90922,60.46720661,44850,1166864,0.00116,1952,52.034069,3,0,27,60,3890922,3887320,542.07,589.61,569.88,553.84,545.75,524.56,527.76,579.16,6
scale_free_graph_m_38,58.39639339,8.087154987,19.8397816,100001,0.00039,2619,38.96368,56.89737033,27532,717581,0.001893,1528,52.127052,3,0,27,60,1948184,1946459,153.32,153.13,140.67,150.07,152.72,156.97,153.65,147.96,8
scale_free_graph_m_39_2nd_time,63.71070728,8.165882156,20.1603592,200001,0.000199,3640,39.86543,25.34202426,337,8297,0.146549,164,49.240356,3,0,28,62,3986543,3983128,4890.75,4890.09,4877.23,4889.85,4827.31,4833.82,4721.98,4809.34,7
scale_free_graph_m_39,60.62155406,8.154748942,20.25450745,100001,0.0004,2706,40.02892,36.25789766,1066,27595,0.048613,329,51.772983,3,0,28,62,2001446,1999782,1429.51,1392.49,1367.58,1396.1,1379.12,1378.08,1359.84,1394.48,7
scale_free_graph_m_40_2nd_time,64.35396971,8.432857587,20.80914095,200001,0.000205,3404,41.01695,64.93985826,69097,1889807,0.000792,2297,54.700117,3,0,28,62,4101695,4098463,2636.63,2378.89,2478.06,2391.95,1973.35,1940.04,1947.61,1927.25,8
scale_free_graph_m_40_3_n_280700_3rd_time,66.04852676,8.440017233,20.81088062,280701,0.000146,4272,41.052747,67.20192402,96410,2641297,0.000568,2835,54.793009,3,0,28,62,5761753,5757087,5026.26,5100.21,5092.14,5085.45,5608.31,5214.94,5002.49,5030.73,7
scale_free_graph_m_40_4_n_363858_3rd_time,67.36861234,8.444922211,20.80294565,363859,0.000113,5772,41.01228,68.87936977,124695,3411485,0.000439,3817,54.71727,3,0,28,62,7461323,7455261,17440.89,17251.34,16867.0,16802.06,17479.88,16856.22,17753.49,16921.97,6
scale_free_graph_m_40_5_n_334219_3rd_time,67.83157938,8.442615545,20.78296631,334220,0.000123,4727,40.969125,25.61981655,320,7880,0.154389,167,49.25,3,0,29,64,6846330,6840790,26473.52,26710.57,25871.6,26545.95,25926.4,26086.84,26752.57,26306.99,5
scale_free_graph_m_40,61.95933561,8.474460294,20.78821212,100001,0.000409,2861,40.92906,31.98450004,711,18624,0.073786,284,52.388186,3,0,29,64,2046453,2044815,254.54,246.32,250.85,238.15,265.45,260.34,271.85,226.36,8
scale_free_graph_m_41_2_n_353022_3rd_time,68.70387785,8.726602711,21.32209516,353023,0.000119,4492,41.936712,69.04304653,96569,2709089,0.000581,2739,56.106804,3,0,29,64,7402291,7396351,3190.07,3049.55,3099.94,2924.5,3132.07,3186.34,3253.1,3182.24,5
scale_free_graph_m_41_3_n_419166_3rd_time,69.58851303,8.715575531,21.34353611,419167,0.0001,5770,41.970131,69.9917778,114518,3210990,0.00049,3488,56.078346,3,0,29,64,8796226,8789250,3933.87,4003.94,3876.56,3939.08,3797.18,4088.98,3909.74,3767.25,8
scale_free_graph_m_41_4_n_433039_3rd_time,69.61670368,8.713558505,21.36169869,433040,9.7e-05,5770,42.023679,70.29460894,119572,3357699,0.00047,3531,56.161961,3,0,29,64,9098946,9091905,6816.72,6815.8,6895.78,7023.15,7138.47,6539.19,7191.77,7463.57,6
scale_free_graph_m_41_5_n_468780_3rd_time,70.21059875,8.700579109,21.34744796,468781,9e-05,5271,41.993617,70.66360632,124353,3487633,0.000451,3171,56.092463,3,0,29,64,9842884,9835198,9761.82,10261.45,9512.03,8956.37,9138.45,8196.42,9437.82,8171.88,8
scale_free_graph_m_42_1_n_422475_3rd_time,70.82526621,8.7774199,21.69573656,422476,0.000102,5365,42.995481,73.08063659,160907,4610025,0.000356,3805,57.30049,3,0,29,64,9082258,9075434,11111.85,10581.42,9668.06,10244.74,9473.74,8925.99,9495.8,8626.5,8
scale_free_graph_m_42_2_n_493128_3rd_time,71.62396422,8.760360957,21.71487177,493129,8.7e-05,6017,43.035723,73.97038684,186769,5351494,0.000307,4270,57.30602,3,0,29,64,10611060,10603314,5345.85,5322.14,5386.29,5493.49,5313.59,5441.71,5265.43,5338.41,7
scale_free_graph_m_42_3_n_300906_3rd_time,70.37721459,8.77218378,21.70756081,300907,0.000143,5033,43.025098,72.39209443,113806,3261759,0.000504,3509,57.321389,3,0,29,64,6473255,6468492,39710.86,39902.83,39167.06,38541.24,38129.36,38226.49,37634.9,38730.25,7
scale_free_graph_m_42_4_n_397965_3rd_time,70.58496139,8.784896909,21.70236151,397966,0.000108,4997,43.009601,36.02215043,909,25105,0.060833,294,55.236524,3,0,30,66,8558158,8551825,15080.76,15178.98,14549.03,14547.93,15118.22,14854.75,15187.89,14278.83,8
scale_free_graph_m_42_5_n_462328_3rd_time,71.09534969,8.789190769,21.66859314,462329,9.3e-05,5620,42.934968,73.5283839,174794,5006522,0.000328,3965,57.284827,3,0,29,64,9925019,9917525,2095.68,1915.94,2004.59,2019.46,1986.1,1986.0,2152.35,1910.19,8
scale_free_graph_m_43_1_n_438407_3rd_time,72.8509196,9.073014363,22.33354318,438408,0.000101,5490,44.061974,33.10749818,702,19407,0.078874,255,55.290598,3,0,31,68,9658539,9651782,11713.35,11520.73,11587.92,11755.14,11407.27,11294.84,11942.8,11529.14,6
scale_free_graph_m_43_2_n_428694_3rd_time,73.49084353,9.071657976,22.2859049,428695,0.000103,6375,43.970398,75.48235705,145439,4268044,0.000404,4317,58.691878,3,0,30,66,9424923,9418069,44305.31,43256.79,43280.63,43611.27,44214.77,44384.12,43727.51,44036.9,7
scale_free_graph_m_43_3_n_433925_3rd_time,72.65753611,9.052905652,22.32611321,433926,0.000102,5424,44.048064,28.18873389,433,11632,0.124369,204,53.727483,3,0,31,68,9556778,9550090,11182.49,10974.96,10341.21,10595.18,10981.7,10624.34,10981.56,10397.72,8
scale_free_graph_m_43_4_n_275433_3rd_time,71.08956151,9.085786353,22.30392762,275434,0.00016,5344,44.016135,17.44213393,171,4037,0.277743,119,47.216374,3,0,31,68,6061748,6057407,3906.34,3812.82,3953.68,3699.87,3803.06,3847.2,3805.94,3810.33,5
scale_free_graph_m_43_5_n_317140_3rd_time,71.11212984,9.052692508,22.31669194,317141,0.000139,4728,43.999886,72.44888503,107911,3162079,0.000543,3180,58.605314,3,0,30,66,6977062,6972167,29643.61,29201.93,28608.78,28901.37,25294.14,24737.88,26152.26,25285.21,6
scale_free_graph_m_44_1_n_349663_3rd_time,73.05526645,9.327440334,22.85132298,349664,0.000129,5643,44.992664,73.35759116,97550,2932507,0.000616,3481,60.123157,3,0,31,68,7866135,7860718,27081.96,25833.3,25212.46,24953.32,25537.86,24766.27,26525.93,25087.75,6
scale_free_graph_m_44_2_n_402371_3rd_time,73.74947298,9.307498164,22.84342101,402372,0.000112,5315,44.986701,73.41883896,101195,3035155,0.000593,3090,59.986264,3,0,31,68,9050672,9044617,13101.73,13004.43,13003.03,12613.14,13540.78,13226.64,13252.61,13812.46,6
scale_free_graph_m_44_3_n_201961_3rd_time,70.49393588,9.315901421,22.83518682,201962,0.000223,3695,45.014641,69.2412019,50709,1524674,0.001186,2127,60.134256,3,0,31,68,4545601,4542478,14574.3,14988.5,14386.5,14184.95,14967.94,14394.82,14976.8,14862.89,6
scale_free_graph_m_44_4_n_211853_3rd_time,69.94460938,9.34364966,22.84467605,211854,0.000212,4132,44.963498,69.42074977,60617,1821517,0.000991,2549,60.099213,3,0,31,68,4762826,4759645,1867.06,1861.37,1949.58,1896.75,1851.8,1954.4,2005.39,1863.57,5
scale_free_graph_m_44_5_n_287699_3rd_time,72.50443778,9.31361822,22.83127216,287700,0.000156,4649,44.96505,72.35105219,76259,2292493,0.000788,2805,60.123867,3,0,31,68,6468200,6463888,23139.64,23075.78,22605.46,22565.57,22852.47,22342.18,22572.84,22118.43,8
scale_free_graph_m_45_1_n_279611_3rd_time,73.55611036,9.417261202,23.14062344,279612,0.000164,4582,45.888431,75.34272796,105231,3225746,0.000583,3168,61.307904,3,0,31,68,6415455,6411250,13209.97,13257.12,12633.29,12717.29,9792.17,9233.53,9748.14,8980.74,8
scale_free_graph_m_45_2_n_496705_3rd_time,75.66824089,9.387851836,23.22517546,496706,9.3e-05,5932,46.042307,78.14948815,190953,5850065,0.000321,4236,61.272303,3,0,31,68,11434722,11427449,77021.59,76611.32,78262.82,76088.81,58183.36,57558.91,58258.69,57463.76,8
scale_free_graph_m_45_5_n_365395_3rd_time,75.16057946,9.38451881,23.21582338,365396,0.000126,5896,46.029064,50.26783682,3396,103451,0.017946,641,60.925206,3,0,32,71,8409395,8404125,29536.43,29285.64,29759.65,29685.02,29510.89,29751.05,28914.89,28675.31,8
scale_free_graph_m_38_1_n_366445_3rd_time,64.57384925,8.078241382,19.85387206,366446,0.000107,4904,39.028755,64.72522521,94649,2465867,0.000551,2821,52.105506,3,0,27,60,7150946,7144573,2447.64,2499.51,2455.24,2425.27,2479.75,2483.42,2473.93,2469.92,8
scale_free_graph_m_38_2_n_303099_3rd_time,63.97852055,8.0791838,19.84844606,303100,0.000129,4537,38.985361,64.04393994,80758,2102185,0.000645,2699,52.061344,3,0,27,60,5908212,5902965,1364.74,1365.68,1376.85,1361.06,1358.06,1406.75,1391.45,1371.26,5
scale_free_graph_m_38_3_n_221832_3rd_time,61.86098568,8.096230246,19.86992918,221833,0.000176,3708,39.017383,61.5886368,61792,1609002,0.000843,2201,52.078004,3,0,27,60,4327652,4323775,877.93,921.14,889.93,909.29,889.65,885.98,915.39,916.43,6
scale_free_graph_m_38_4_n_440250_3rd_time,64.99792264,8.074972291,19.84184931,440251,8.9e-05,5075,38.990437,65.12161152,112369,2924619,0.000463,2938,52.05384,3,0,27,60,8582770,8575119,689.22,751.51,702.08,687.67,735.66,712.0,647.73,654.76,7
scale_free_graph_m_38_5_n_385252_3rd_time,64.29570251,8.075194785,19.83409084,385253,0.000101,4409,38.982977,64.3205202,100278,2613157,0.00052,2593,52.118251,3,0,27,60,7509135,7502365,751.08,721.08,701.81,708.26,755.32,678.56,716.99,707.19,6
scale_free_graph_m_39_1_n_378512_3rd_time,65.68865306,8.164057622,20.16999416,378513,0.000106,5983,39.936647,67.72174839,143052,3811108,0.000372,4212,53.282834,3,0,27,60,7558250,7551870,657.32,637.39,609.45,630.81,661.46,603.77,660.42,626.82,6
scale_free_graph_m_39_2_n_354877_3rd_time,65.81117193,8.168437766,20.18583006,354878,0.000113,4890,39.960713,67.78641607,134518,3582341,0.000396,3427,53.261883,3,0,27,60,7090569,7084424,13910.31,13871.74,13227.67,13376.64,13881.33,13307.34,13461.97,13476.99,6
scale_free_graph_m_39_3_n_423427_3rd_time,66.75721143,8.169962078,20.1921838,423428,9.4e-05,5773,39.983232,29.1178275,521,13203,0.097468,234,50.683301,3,0,28,62,8464990,8457680,1374.58,1345.91,1374.05,1351.03,1382.88,1346.94,1474.59,1343.08,8
scale_free_graph_m_39_4_n_444988_3rd_time,66.76318575,8.160660116,20.2017106,444989,9e-05,5628,40.001128,34.87347332,978,25198,0.052743,282,51.529652,3,0,28,62,8900011,8892530,3906.1,3997.93,4079.1,4036.0,4017.13,3933.45,3984.82,3943.67,6
scale_free_graph_m_39_5_n_481123_3rd_time,66.63426579,8.151397363,20.20141169,481124,8.3e-05,5976,39.990535,68.82706478,182615,4863284,0.000292,4274,53.2627,3,0,27,60,9620183,9611952,4437.13,4402.09,4360.21,4372.93,4340.22,4290.24,4248.92,4326.26,7
scale_free_graph_m_40_1_n_452586_3rd_time,68.58237339,8.457697068,20.8010261,452587,9.1e-05,5885,41.020518,70.35930905,156084,4272689,0.000351,3973,54.748584,3,0,28,62,9282656,9275159,22336.84,22244.46,22849.03,21854.35,22224.0,21529.58,22127.32,21434.53,8
scale_free_graph_m_40_2_n_419255_3rd_time,68.01604778,8.463116262,20.79059811,419256,9.8e-05,5239,40.98417,69.8117008,145403,3977495,0.000376,3550,54.709944,3,0,28,62,8591409,8584377,3351.96,3364.0,3466.09,3461.83,2962.88,2915.75,2871.29,2848.54,8
small_world_graph_m_25_2nd_time,2.084374789,0.04989443511,17.99927,200001,0.00012,36,24.0,2.078522524,199892,2398184,0.00012,36,23.994797,3,0,18,40,2400000,2400000,74.77,71.61,76.69,69.44,70.32,76.23,72.84,74.85,5
small_world_graph_m_26_2nd_time,2.161843337,0.05517311627,19.999045,200001,0.00013,38,26.0,2.154616098,199847,2597112,0.00013,38,25.991003,3,0,20,44,2600000,2600000,135.74,134.31,137.71,143.26,132.77,142.19,135.29,144.43,5
small_world_graph_m_27_2nd_time,2.158308757,0.05915042276,19.99890001,200001,0.00013,36,26.0,2.150186996,199840,2597001,0.00013,36,25.990803,3,0,20,44,2600000,2600000,145.7,140.63,146.41,120.22,142.14,145.43,140.87,144.72,7
small_world_graph_m_28_2nd_time,2.242185283,0.06831681914,21.99833001,200001,0.00014,40,28.0,2.231036886,199746,2794725,0.00014,40,27.982788,3,0,22,48,2800000,2800000,294.2,287.45,290.28,297.43,291.38,269.67,299.98,297.73,6
small_world_graph_m_29_2nd_time,2.253591486,0.07089844345,21.99816001,200001,0.00014,39,28.0,2.241386123,199726,2794319,0.00014,39,27.981525,3,0,22,48,2800000,2800000,281.6,295.32,293.46,293.56,287.37,303.7,286.76,270.44,8
small_world_graph_m_30_2nd_time,2.326487248,0.07829063389,23.99764501,200001,0.00015,41,30.0,2.312457713,199638,2991765,0.00015,41,29.971899,3,0,24,53,3000000,3000000,589.91,593.14,593.2,575.53,584.2,591.95,610.19,593.44,5
small_world_graph_m_30,2.332493409,0.09335064709,23.99764002,100001,0.0003,41,30.0,2.31745692,99822,1495941,0.0003,41,29.97217,3,0,24,53,1500000,1500000,217.48,219.41,217.74,216.81,219.98,217.23,217.28,220.36,6
small_world_graph_m_31_2nd_time,2.328809323,0.08253926261,23.99731001,200001,0.00015,42,30.0,2.312956955,199596,2990818,0.00015,42,29.968717,3,0,24,53,3000000,3000000,575.45,573.59,586.86,617.34,597.92,586.28,605.15,592.14,6
small_world_graph_m_31,2.334815923,0.09650518398,23.99742003,100001,0.0003,43,30.0,2.318820844,99814,1495770,0.0003,43,29.971146,3,0,24,53,1500000,1500000,297.81,305.09,308.39,306.66,316.35,306.18,318.22,310.61,6
small_world_graph_m_32_2nd_time,2.396814814,0.06252557521,24.99927,200001,0.00016,44,32.0,2.39004209,199895,3197497,0.00016,44,31.991766,3,0,25,55,3200000,3200000,1052.23,1063.03,1043.53,1061.39,956.47,955.92,945.49,945.96,7
small_world_graph_m_32,2.403036028,0.08537622044,24.99909001,100001,0.00032,43,32.0,2.395036147,99948,1598766,0.00032,43,31.991956,3,0,25,55,1600000,1600000,643.75,644.85,619.14,623.14,647.44,608.79,619.84,616.99,6
small_world_graph_m_33_2nd_time,2.401666325,0.09207408742,25.99649002,200001,0.00016,44,32.0,2.382094683,199466,3186798,0.00016,44,31.953295,3,0,26,57,3200000,3200000,1225.74,1203.14,1240.35,1198.07,1237.64,1204.98,1211.41,1211.26,6
small_world_graph_m_33,2.389418926,0.08288165546,24.99925001,100001,0.00032,43,32.0,2.382675866,99955,1598925,0.00032,43,31.992897,3,0,25,55,1600000,1600000,644.73,623.89,634.85,631.4,640.62,636.56,631.74,638.05,7
small_world_graph_m_34_2nd_time,2.481279748,0.07140368418,26.99878001,200001,0.00017,47,34.0,2.471277454,199815,3395222,0.00017,47,33.983655,3,0,27,60,3400000,3400000,2424.67,2502.74,2497.99,2528.33,2426.49,2457.67,2625.31,2451.19,5
small_world_graph_m_34,2.478325738,0.09326426451,26.99870001,100001,0.00034,46,34.0,2.468076984,99913,1697754,0.00034,46,33.984647,3,0,27,60,1700000,1700000,1338.94,1308.38,1298.4,1311.05,1292.27,1324.6,1405.52,1321.25,5
small_world_graph_m_35_2nd_time,2.476489311,0.07254858143,26.99870501,200001,0.00017,47,34.0,2.466127256,199808,3395049,0.00017,47,33.983114,3,0,27,60,3400000,3400000,2429.62,2488.58,2412.72,2514.32,2448.44,2366.81,2427.51,2378.63,6
small_world_graph_m_35,2.479527859,0.09438149205,26.99857001,100001,0.00034,46,34.0,2.467941653,99903,1697497,0.00034,46,33.982903,3,0,27,60,1700000,1700000,1215.5,1198.07,1192.79,1224.16,1240.28,1216.67,1225.54,1235.95,6
small_world_graph_m_36_2nd_time,2.552938969,0.08075884955,28.99827501,200001,0.00018,49,36.0,2.540445153,199746,3592950,0.00018,49,35.975188,3,0,29,64,3600000,3600000,4966.35,4885.13,5019.35,4853.14,4890.39,4884.84,5225.89,4871.55,8
small_world_graph_m_36,2.559397266,0.09170342965,27.99937001,100001,0.00036,49,36.0,2.553173438,99974,1799307,0.00036,49,35.995499,3,0,28,62,1800000,1800000,2372.03,2375.26,2518.23,2365.77,2091.9,2175.71,2197.78,2160.56,5
small_world_graph_m_37_2nd_time,2.549264104,0.07725102053,28.99850001,200001,0.00018,50,36.0,2.537804263,199768,3593544,0.00018,50,35.977174,3,0,29,64,3600000,3600000,5021.44,4927.15,5009.22,5008.21,6858.94,4827.17,5066.66,4927.31,6
small_world_graph_m_37,2.552969779,0.1016223787,28.99833002,100001,0.00036,48,36.0,2.540264329,99887,1796861,0.00036,48,35.977875,3,0,29,64,1800000,1800000,2435.85,2401.77,2503.46,2448.95,2456.07,2458.63,2517.26,2363.8,8
small_world_graph_m_38_2nd_time,2.6134452,0.07081446676,29.999465,200001,0.00019,50,38.0,2.608179989,199934,3798098,0.00019,50,37.993518,3,0,30,66,3800000,3800000,5964.78,5973.93,7040.32,7484.15,6015.08,7119.23,5901.86,7228.9,7
small_world_graph_m_38,2.627460907,0.1144725474,30.99757002,100001,0.00038,50,38.0,2.610670562,99838,1895191,0.00038,50,37.965324,3,0,31,68,1900000,1900000,3390.99,3231.01,3205.43,3139.73,3304.92,3075.76,3248.24,3199.55,6
small_world_graph_m_39_2nd_time,2.618733601,0.08815132185,30.99792501,200001,0.00019,51,38.0,2.604512298,199698,3791026,0.00019,51,37.967591,3,0,31,68,3800000,3800000,6924.21,7181.62,7680.85,7812.99,6746.89,7613.52,7077.99,7619.41,5
small_world_graph_m_39,2.617649964,0.1108841625,30.99786002,100001,0.00038,50,38.0,2.602409008,99850,1895534,0.00038,50,37.967631,3,0,31,68,1900000,1900000,4584.67,4627.83,4667.13,4445.92,4450.89,4684.03,4687.19,4621.41,5
small_world_graph_m_40_2nd_time,2.676051971,0.100897359,32.99689002,200001,0.0002,53,40.0,2.658239048,199555,3985912,0.0002,53,39.948004,3,0,33,73,4000000,4000000,10413.24,10241.88,10838.92,10376.73,9942.93,10280.26,9680.26,10251.96,7
small_world_graph_m_40,2.684966992,0.1046381079,31.99913001,100001,0.0004,53,40.0,2.6768534,99953,1998551,0.0004,53,39.989815,3,0,32,71,2000000,2000000,5675.94,5501.84,5397.99,5542.71,5252.65,5156.71,5053.02,4905.69,8
small_world_graph_m_42_1_p_0.32_n_298510_3rd_time,3.363180064,0.08366829333,32.99790627,298511,0.000141,61,42.0,3.344452748,298077,6255015,0.000141,61,41.969122,3,0,33,73,6268710,6268710,525.96,528.95,542.19,536.47,527.89,510.04,541.37,522.43,6
small_world_graph_m_42_2_p_0.49_n_278148_3rd_time,3.947091928,0.1464794724,32.99111268,278149,0.000151,62,42.0,3.876501463,276556,5791050,0.000151,62,41.879764,3,0,33,73,5841108,5841108,55.11,61.34,61.13,63.04,58.61,52.76,54.34,55.46,6
small_world_graph_m_42_3_p_0.54_n_376880_3rd_time,4.064982883,0.2715344174,33.96123975,376881,0.000111,63,42.0,3.85778684,366455,7576409,0.000113,62,41.349737,3,0,34,75,7914480,7914480,63.54,59.16,71.6,70.91,73.21,68.14,69.68,69.04,6
small_world_graph_m_42_4_p_0.41_n_226396_3rd_time,3.705160174,0.1837046715,33.98518532,226397,0.000186,60,42.0,3.615391509,224195,4682910,0.000186,60,41.77533,3,0,34,75,4754316,4754316,120.99,119.55,116.57,118.4,110.99,117.23,115.9,112.9,5
small_world_graph_m_42_5_p_0.56_n_267079_3rd_time,4.109865136,0.2985707949,33.95436199,267080,0.000157,63,42.0,3.866647683,258424,5327876,0.00016,62,41.233601,3,0,34,75,5608659,5608659,35.28,38.58,37.79,38.37,37.49,35.31,37.27,30.52,8
small_world_graph_m_43_1_p_0.32_n_254069_3rd_time,3.367448515,0.08604195784,32.99795332,254070,0.000165,58,42.0,3.347508151,253703,5323860,0.000165,58,41.969232,3,0,33,73,5335449,5335449,441.53,445.66,437.34,431.46,422.75,441.27,441.69,434.19,5
small_world_graph_m_43_2_p_0.47_n_300101_3rd_time,3.886460827,0.1364405677,32.99219265,300102,0.00014,64,42.0,3.824319013,298557,6253521,0.00014,64,41.891639,3,0,33,73,6302121,6302121,71.94,70.73,70.49,73.3,72.87,73.95,58.94,69.99,7
small_world_graph_m_43_3_p_0.51_n_239872_3rd_time,3.991790357,0.2606783075,33.96470215,239873,0.000175,62,42.0,3.809276633,233762,4839880,0.000177,60,41.408612,3,0,34,75,5037312,5037312,41.23,35.2,38.49,42.17,38.51,38.21,39.84,40.09,6
small_world_graph_m_43_4_p_0.51_n_239424_3rd_time,3.994329275,0.1631430789,32.98947061,239425,0.000175,64,42.0,3.914953709,237865,4978997,0.000176,64,41.864057,3,0,33,73,5027904,5027904,47.46,45.71,45.37,45.98,47.08,44.85,45.74,42.58,8
small_world_graph_m_43_5_p_0.42_n_486968_3rd_time,3.736787777,0.1131849732,32.99453969,486969,8.6e-05,62,42.0,3.692153282,485215,10171141,8.6e-05,61,41.924265,3,0,33,73,10226328,10226328,227.1,242.05,208.96,199.71,234.23,203.46,231.2,199.04,8
small_world_graph_m_44_1_p_0.57_n_374973_3rd_time,4.235124977,0.199397321,34.98261746,374974,0.000117,66,44.0,4.111048902,370900,8113513,0.000118,65,43.750407,3,0,35,77,8249406,8249406,86.69,89.24,78.6,77.41,80.78,88.5,81.68,78.61,8
small_world_graph_m_44_2_p_0.5_n_457813_3rd_time,4.06766661,0.1694944758,34.98739444,457814,9.6e-05,66,44.0,3.975550721,454162,9949961,9.6e-05,65,43.816792,3,0,35,77,10071886,10071886,144.88,146.02,130.72,142.31,141.38,138.1,148.01,144.87,6
small_world_graph_m_44_3_p_0.52_n_326786_3rd_time,4.115925063,0.182009303,34.98585317,326787,0.000135,66,44.0,4.01383323,323905,7093183,0.000135,66,43.797922,3,0,35,77,7189292,7189292,70.92,67.67,68.49,67.96,67.29,65.19,61.86,72.37,7
small_world_graph_m_44_4_p_0.37_n_362625_3rd_time,3.64236845,0.1072184325,34.99550501,362626,0.000121,63,44.0,3.605842907,361533,7941147,0.000122,63,43.930413,3,0,35,77,7977750,7977750,269.95,285.89,272.11,271.24,279.84,280.67,270.49,286.81,7
small_world_graph_m_44_5_p_0.47_n_358543_3rd_time,3.978534289,0.1595808808,34.9892677,358544,0.000123,64,44.0,3.898576595,356107,7806582,0.000123,64,43.844024,3,0,35,77,7887946,7887946,113.41,110.82,109.83,116.85,110.67,108.2,106.78,114.64,7
small_world_graph_m_45_1_p_0.57_n_388970_3rd_time,4.231710779,0.2039733263,34.98187268,388971,0.000113,65,44.0,4.104155854,384577,8410829,0.000114,65,43.740676,3,0,35,77,8557340,8557340,71.1,62.95,67.07,64.62,63.29,61.35,70.1,59.5,8
small_world_graph_m_45_2_p_0.34_n_308281_3rd_time,3.532124278,0.1033370476,34.9963994,308282,0.000143,61,44.0,3.501702814,307548,6757608,0.000143,60,43.945062,3,0,35,77,6782182,6782182,379.47,373.44,366.33,373.28,363.75,362.34,365.81,357.91,8
small_world_graph_m_45_3_p_0.53_n_342924_3rd_time,4.139458538,0.1866603907,34.98503754,342925,0.000128,65,44.0,4.030875996,339712,7437148,0.000129,65,43.785018,3,0,35,77,7544328,7544328,60.6,63.45,60.03,56.56,65.47,54.84,61.12,65.85,6
small_world_graph_m_45_4_p_0.48_n_253420_3rd_time,4.004881183,0.1646364393,34.98876573,253421,0.000174,64,44.0,3.920863729,251574,5513512,0.000174,64,43.832129,3,0,35,77,5575240,5575240,62.31,64.5,63.27,56.06,61.71,64.94,59.95,68.26,7
small_world_graph_m_45_5_p_0.59_n_371202_3rd_time,4.285893966,0.2134495003,34.98039078,371203,0.000119,68,44.0,4.149432944,366714,8016833,0.000119,67,43.722536,3,0,35,77,8166444,8166444,51.59,56.38,51.56,48.03,40.18,41.52,39.07,40.3,7
scale_free_graph_m_42_1_n_338493_4th_time,70.11197112,8.794240677,21.72999817,338494,0.000127,5020,43.05689,46.43444174,2926,83221,0.019447,558,56.8838,3,0,30,66,7287228,7281874,5138.89,4918.9,4905.13,4785.14,4900.1,4939.65,4790.24,4774.37,8
scale_free_graph_m_42_2_n_354656_4th_time,69.68360201,8.764077216,21.74482105,354657,0.000121,4981,43.088305,48.45102482,4414,126752,0.013014,612,57.431808,3,0,30,66,7640763,7635278,920.18,956.54,957.12,845.76,928.0,934.73,955.3,946.1,5
scale_free_graph_m_42_3_n_368016_4th_time,69.91545507,8.787960417,21.69607111,368017,0.000117,5463,42.993462,71.90828388,140807,4033843,0.000407,3926,57.296058,3,0,29,64,7911141,7905205,3199.32,3251.42,3196.06,3223.93,3185.7,3219.06,3240.03,3147.19,8
scale_free_graph_m_42_4_n_340713_4th_time,69.90161076,8.777247745,21.6971683,340714,0.000126,4700,43.008955,71.9434942,129628,3715780,0.000442,3333,57.329898,3,0,29,64,7326855,7321505,8192.02,8098.25,8261.4,8340.07,8045.7,8116.65,8338.91,8344.03,5
scale_free_graph_m_42_5_n_404271_4th_time,70.57364052,8.763106684,21.69572466,404272,0.000106,5424,42.99747,29.48976276,473,12503,0.112006,207,52.866808,3,0,30,66,8691315,8684987,5420.99,5824.33,5633.18,5587.12,5690.36,5638.4,5693.91,5485.19,8
scale_free_graph_m_43_1_n_369814_4th_time,72.43817427,9.054791098,22.29574787,369815,0.000119,5213,44.038993,24.38006896,285,7346,0.181517,155,51.550877,3,0,31,68,8143118,8137350,10965.52,10979.13,10791.24,11041.67,10865.52,10466.41,10661.41,10663.48,6
scale_free_graph_m_43_2_n_384689_4th_time,72.19370799,9.071776433,22.30613221,384690,0.000114,5545,44.020843,73.8924153,134381,3946803,0.000437,3659,58.740492,3,0,30,66,8467167,8461170,12016.94,12007.46,11570.54,11579.26,11821.79,11413.81,11613.06,12680.89,6
scale_free_graph_m_43_3_n_380241_4th_time,72.55106851,9.062883009,22.32472741,380242,0.000116,5759,44.044503,31.22198693,565,15575,0.097753,239,55.132743,3,0,31,68,8373763,8367797,14473.87,14471.8,14004.95,13838.89,13434.2,13443.6,13091.82,12472.04,8
scale_free_graph_m_43_4_n_408146_4th_time,72.4909772,9.064939252,22.29318848,408147,0.000108,5322,44.003616,37.46759858,1016,28810,0.055874,316,56.712598,3,0,31,68,8979950,8973720,30577.1,31607.4,30019.8,30115.97,30753.62,31041.2,31740.78,29782.45,8
scale_free_graph_m_43_5_n_346300_4th_time,72.29411146,9.057629476,22.3096959,346301,0.000127,5263,44.02171,39.94467039,1217,34968,0.047258,356,57.4659,3,0,31,68,7622359,7617039,35093.06,35571.88,33565.88,33586.02,34886.53,33523.4,34855.92,34096.68,6
scale_free_graph_m_44_1_n_398394_4th_time,73.79735907,9.268794403,22.80667679,398395,0.000113,5361,44.965075,72.70272521,87446,2623174,0.000686,2937,59.995289,3,0,31,68,8956908,8950923,10076.71,10032.58,10144.43,9674.74,10252.66,10386.91,10142.1,10647.09,7
scale_free_graph_m_44_2_n_395061_4th_time,73.69245956,9.31035037,22.88357271,395062,0.000114,5567,45.064874,74.0312852,108390,3258848,0.000555,3309,60.131894,3,0,31,68,8901687,8895739,20042.28,19557.16,18924.83,19368.62,19554.22,19798.07,19303.89,19113.31,8
scale_free_graph_m_44_3_n_341244_4th_time,72.85731425,9.350984122,22.91209835,341245,0.000132,4812,45.099079,73.31973738,101948,3067161,0.00059,3025,60.171087,3,0,31,68,7694895,7689688,28749.88,27826.56,27123.03,26942.62,28607.59,27399.98,27311.2,27573.93,7
scale_free_graph_m_44_5_n_406370_4th_time,73.72064148,9.333300484,22.87598525,406371,0.000111,5949,45.032301,74.16092519,113937,3422990,0.000527,3657,60.085661,3,0,31,68,9149888,9143734,27236.65,27091.97,26588.13,27034.76,26071.59,26147.24,26277.08,25891.82,8
small_world_graph_m_48_1_p_0.27_n_314028_4th_time,3.34565665,0.09355078362,38.99767537,314029,0.000153,65,48.0,3.326335589,313534,7518106,0.000153,65,47.957198,3,0,39,86,7536672,7536672,13275.31,12880.89,13101.71,12605.38,10486.35,11510.62,11956.18,11773.94,5
small_world_graph_m_48_2_p_0.24_n_338121_4th_time,3.183557757,0.08067093054,38.99870165,338122,0.000142,63,48.0,3.171927993,337829,8103917,0.000142,63,47.976444,3,0,39,86,8114904,8114904,33369.66,43984.14,34848.8,34657.07,33640.05,35429.19,33169.51,34961.2,7
small_world_graph_m_48_3_p_0.26_n_297516_4th_time,3.292856369,0.09222998978,38.99798331,297517,0.000161,64,48.0,3.275781639,297120,7125505,0.000161,64,47.963819,3,0,39,86,7140384,7140384,19013.67,18672.24,19356.51,19002.5,19239.21,19054.55,19102.69,19092.09,6
small_world_graph_m_48_4_p_0.25_n_344141_4th_time,3.246308961,0.08295380231,38.99843379,344142,0.000139,67,48.0,3.232220879,343771,8245462,0.00014,66,47.970667,3,0,39,86,8259384,8259384,35159.36,34115.12,34383.54,34196.18,34329.32,34394.53,34181.56,34682.43,7
small_world_graph_m_48_5_p_0.24_n_326653_4th_time,3.183972492,0.08274238058,38.99861321,326654,0.000147,64,48.0,3.171766189,326349,7828235,0.000147,64,47.974622,3,0,39,86,7839672,7839672,31152.82,31251.48,32566.3,32715.73,31777.21,32285.9,31381.32,31880.77,7
small_world_graph_m_49_2_p_0.3_n_399503_4th_time,3.494019622,0.1008726026,38.99648564,399504,0.00012,67,48.0,3.466404748,398555,9552489,0.00012,67,47.935612,3,0,39,86,9588072,9588072,4663.6,4837.74,4535.35,4750.7,4744.45,4472.28,4787.43,4571.65,6
small_world_graph_m_49_4_p_0.28_n_349826_4th_time,3.40177179,0.09712564795,38.99709857,349827,0.000137,65,48.0,3.378048109,349149,8370404,0.000137,65,47.947461,3,0,39,86,8395824,8395824,9384.21,9207.22,9104.67,9358.3,9240.13,9111.66,9279.83,9059.23,8
small_world_graph_m_49_5_p_0.29_n_313686_4th_time,3.453457118,0.1042241379,38.99664953,313687,0.000153,65,48.0,3.424948497,312978,7501876,0.000153,65,47.938679,3,0,39,86,7528464,7528464,5351.9,5418.98,5518.0,5382.77,5363.81,5289.68,5515.12,5417.82,6
small_world_graph_m_50_3_p_0.29_n_283249_4th_time,3.523093397,0.1167679249,40.99581642,283250,0.000177,68,50.0,3.491499223,282479,7050811,0.000177,68,49.920957,3,0,41,91,7081225,7081225,7496.4,7643.12,7428.53,7533.73,7702.7,7727.47,7784.49,7654.47,8
small_world_graph_m_50_4_p_0.25_n_410783_4th_time,3.308438771,0.08443253225,40.9980379,410784,0.000122,67,50.0,3.290546853,410214,10247021,0.000122,67,49.959392,3,0,41,91,10269575,10269575,47308.35,47154.34,41657.13,42159.61,41555.13,38079.8,39894.39,36044.48,8
small_world_graph_m_50_5_p_0.28_n_427316_4th_time,3.471052157,0.1003728371,40.99661141,427317,0.000117,67,50.0,3.443817509,426343,10644436,0.000117,67,49.933673,3,0,41,91,10682900,10682900,13846.95,14103.24,14182.91,13838.93,13774.1,13860.21,13966.65,13754.02,8
scale_free_graph_m_42_1_n_309635_5th_time,70.30241085,8.775090945,21.7107087,309636,0.000139,4970,43.005603,25.16092189,307,7894,0.168061,169,51.42671,3,0,30,66,6658020,6653085,8986.92,8996.6,7968.25,8031.43,9000.78,8019.04,9010.32,8192.67,6
scale_free_graph_m_43_1_n_393417_5th_time,72.33898224,9.071020819,22.28828371,393418,0.000112,5791,43.987606,74.13040399,136683,4014927,0.00043,3914,58.748008,3,0,30,66,8652736,8646650,3289.59,3268.09,3390.07,3385.84,3462.43,3467.12,3419.93,3385.12,8
scale_free_graph_m_44_1_n_343785_5th_time,73.24950281,9.315786298,22.85827811,343786,0.000131,5325,45.011842,73.28269848,92434,2777093,0.00065,3247,60.088128,3,0,31,68,7737198,7731973,32017.09,31863.5,30964.75,30859.66,31981.64,30892.89,31584.63,30324.68,8
scale_free_graph_m_45_1_n_438981_5th_time,75.11693906,9.394996673,23.19182563,438982,0.000105,6797,45.952139,77.33211795,164550,5035861,0.000372,4705,61.207669,3,0,31,68,10086058,10079555,16859.42,16814.55,15874.34,15822.54,17025.09,15908.16,16848.62,15895.1,8
scale_free_graph_m_46_1_n_343744_5th_time,76.42498498,9.683510057,23.787514,343745,0.000137,5592,46.964602,78.06627937,118162,3702817,0.00053,3680,62.673567,3,0,32,71,8071900,8066962,32100.76,31757.89,31452.22,31199.17,26427.64,25690.0,26418.03,25652.94,8
small_world_graph_m_46_1_p_0.27_n_413968_5th_time,3.279508699,0.0770387959,36.99836703,413969,0.000111,62,46.0,3.264421822,413502,9504664,0.000111,62,45.97155,3,0,37,82,9521264,9521264,11081.76,11013.72,11122.61,11163.68,11085.45,11115.82,11017.23,11197.61,7
small_world_graph_m_47_1_p_0.28_n_409896_5th_time,3.327625874,0.08315117577,36.9978336,409897,0.000112,65,46.0,3.307569008,409280,9405673,0.000112,65,45.962046,3,0,37,82,9427608,9427608,7217.65,7149.14,7306.66,7153.81,7139.04,7175.58,7244.35,7140.41,5
small_world_graph_m_50_1_p_0.24_n_412595_5th_time,3.244040021,0.08383226163,40.99819921,412596,0.000121,67,50.0,3.228639413,412085,10294669,0.000121,67,49.963813,3,0,41,91,10314875,10314875,78071.66,78147.02,75277.47,74923.94,77678.33,75360.75,64787.0,62623.63,8
176bit_LCC_remapped,86.23581222,0.4518892179,11.8681806,7442,0.002969,4073,22.091911,85.42068705,6703,74356,0.00331,3810,22.185887,3,0,12,26,82204,82204,7.04,7.44,6.89,6.96,7.62,7.07,7.3,7.05,8
3D_28984_Tetra_LCC_remapped,29.75890378,0.4319118445,13.90512334,28985,0.000687,3816,19.919545,30.41697655,27616,275544,0.000723,3816,19.955388,3,0,14,31,288684,288684,21.36,21.28,22.66,22.44,20.94,22.94,21.42,23.14,5
598a_LCC_remapped,2.915324676,0.5028061614,7.5374599,110972,0.00012,26,13.371553,2.815977962,59850,405914,0.000227,25,13.564378,3,0,8,17,741934,741934,1.53,1.55,1.56,1.59,1.55,1.55,1.53,1.62,7
CA-CondMat_cleaned_LCC_remapped,10.90842941,3.311160466,5.115849092,21364,0.0004,279,8.545778,0.0,26,325,1.0,25,25.0,3,0,25,55,91286,89529,2625.16,2530.26,2570.86,2558.7,2669.23,2552.14,2595.44,2598.67,6
CA-HepTh_cleaned_LCC_remapped,6.450811946,2.878908491,3.40699155,8639,0.000665,65,5.742794,0.0,32,496,1.0,31,31.0,3,0,31,68,24806,23227,17804.77,17872.23,17726.11,17579.47,17349.15,17886.57,17842.63,17573.77,5
CL-10K-1d8-L5_LCC_remapped,19.99277336,4.920050245,5.02100566,9188,0.001048,218,9.62364,11.12760684,264,4369,0.12585,70,33.098485,3,0,21,46,44211,42582,0.21,0.16,0.21,0.18,0.2,0.22,0.21,0.22,5
OHSU_LCC_remapped,7.822211514,3.572720542,5.709302326,172,0.055964,35,9.569767,3.751908522,27,232,0.660969,24,17.185185,3,0,12,26,823,810,0.11,0.11,0.11,0.11,0.12,0.12,0.11,0.12,7
as20000102_cleaned_LCC_remapped,24.99801299,1.34280541,2.010810811,6475,0.0006,1458,3.883243,2.985983887,21,163,0.77619,20,15.52381,3,0,12,26,12572,10121,1.38,1.68,1.47,1.33,1.4,1.44,1.32,1.32,7
bio-grid-fruitfly_LCC_remapped,10.70984317,2.748395066,3.629676159,7164,0.000968,176,6.933277,3.780893569,47,381,0.352451,26,16.212766,3,0,12,26,24835,22704,0.03,0.03,0.03,0.03,0.03,0.03,0.03,0.03,5
bio-grid-human_LCC_remapped,12.26788294,2.867605743,3.574180908,9187,0.000736,308,6.756939,0.0,13,78,1.0,12,12.0,3,0,12,26,31038,28085,0.26,0.26,0.25,0.25,0.25,0.26,0.26,0.25,5
ca-CondMat_LCC_remapped,10.90842941,3.311160466,5.115849092,21364,0.0004,279,8.545778,0.0,26,325,1.0,25,25.0,3,0,25,55,91286,89529,2519.56,2475.02,2582.17,2492.36,2544.36,2585.99,2637.83,2620.62,5
ca-MathSciNet_LCC_remapped,7.529557553,1.991397454,2.800559079,332690,1.5e-05,496,4.933385,0.0,25,300,1.0,24,24.0,3,0,24,53,820644,724073,117.58,117.72,117.18,117.67,118.19,118.86,117.63,117.32,8
cit-DBLP_LCC_remapped,16.86183988,3.761934784,4.128921255,12496,0.000635,709,7.932618,15.52673374,916,9840,0.023481,219,21.484716,3,0,12,26,49563,44701,0.5,0.49,0.51,0.49,0.5,0.45,0.41,0.51,7
com-amazon_ungraph_cleaned_LCC_remapped,5.761629267,1.182533138,3.354293086,334864,1.7e-05,549,5.529839,1.245763725,497,1683,0.013655,13,6.772636,3,0,6,13,925872,896901,2.1,1.65,1.58,1.59,1.67,1.67,1.73,2.05,5
email-EU_LCC_remapped,18.18186793,2.44480731,1.700749283,32431,0.000103,623,3.35463,13.13210373,128,2290,0.281742,79,35.78125,3,0,22,48,54397,28949,22.87,22.74,23.02,22.32,22.97,22.48,23.66,22.5,6
escorts_LCC_remapped,13.89286398,2.789686143,4.0193925,10107,0.000764,311,7.72059,11.33458665,341,3386,0.05841,95,19.859238,3,0,11,24,39016,37104,0.06,0.06,0.05,0.06,0.06,0.06,0.06,0.05,8
ia-dbpedia-team-bi_LCC_remapped,23.28702981,2.019739058,2.184241559,365493,1.2e-05,2307,4.26893,14.90409834,903,6924,0.017002,158,15.335548,3,0,9,20,780132,541309,3.16,3.18,3.16,3.16,3.15,3.18,3.11,3.17,7
ia-email-EU_LCC_remapped,18.18186793,2.44480731,1.700749283,32431,0.000103,623,3.35463,13.13210373,128,2290,0.281742,79,35.78125,3,0,22,48,54397,28949,27.57,27.76,29.95,30.18,27.87,27.72,30.52,32.41,6
ia-escorts-dynamic_LCC_remapped,13.89286398,2.789686143,4.0193925,10107,0.000764,311,7.72059,11.33458665,341,3386,0.05841,95,19.859238,3,0,11,24,39016,37104,0.06,0.06,0.06,0.06,0.05,0.06,0.05,0.05,5
oregon1_010331_cleaned_LCC_remapped,31.98451726,1.743623884,2.124636866,10671,0.000386,2312,4.1237,4.72650439,32,379,0.764113,31,23.6875,3,0,17,37,22002,18203,479.02,496.81,462.78,473.48,510.74,468.15,475.4,470.97,6
oregon1_010407_cleaned_LCC_remapped,32.016299,1.657015128,2.110344828,10730,0.000382,2315,4.100466,5.814609925,34,372,0.663102,32,21.882353,3,0,15,33,21999,18151,46.6,46.66,46.33,40.37,39.58,35.58,46.98,44.27,6
oregon1_010526_cleaned_LCC_remapped,33.09335527,1.828323422,2.154451902,11175,0.000375,2389,4.18953,3.62950869,30,336,0.772414,28,22.4,3,0,17,37,23409,19463,238.2,208.53,239.91,227.44,230.17,235.41,224.83,222.8,8
out_dimacs10-as22july06_cleaned_LCC_remapped,32.94172194,2.140268625,2.169743947,22964,0.000184,2390,4.218429,11.51482317,71,1355,0.545272,68,38.169014,3,0,25,55,48436,40439,52703.82,54126.06,52495.05,53177.97,53944.74,52938.58,53128.57,53177.74,6
out_dimacs10-cond-mat-2003_cleaned_LCC_remapped,10.81093768,3.391893644,5.088590116,27520,0.000307,202,8.443387,0.0,25,300,1.0,24,24.0,3,0,24,53,116181,113891,11872.89,11691.86,11616.87,11520.0,12096.53,11631.08,12347.8,11870.33,6
out_douban_cleaned_LCC_remapped,11.74824638,2.626782131,2.148939055,154909,2.7e-05,287,4.223925,15.05278174,1857,25213,0.014631,152,27.15455,3,0,15,33,327162,223905,1.01,1.25,1.13,1.18,1.2,1.18,1.23,1.2,6
out_petster-hamster_cleaned_LCC_remapped,21.10611688,6.35187709,9.28185907,2001,0.008045,273,16.089955,0.0,25,300,1.0,24,24.0,3,0,24,53,16098,15970,3724.79,3678.34,3713.96,3700.63,3727.02,3700.79,3530.51,3695.68,7
out_sociopatterns-infectious_cleaned_LCC_remapped,8.413278416,4.074777157,8.537712895,411,0.032817,50,13.454988,2.957379541,32,351,0.707661,28,21.9375,3,0,17,37,2765,2755,1.66,1.89,1.43,1.5,1.84,1.66,1.44,1.64,7
soc-political-retweet_LCC_remapped,16.70012331,3.468547612,2.689946402,18471,0.000282,786,5.203075,14.32504842,193,2990,0.161377,94,30.984456,3,0,18,40,48053,36904,0.39,0.38,0.36,0.36,0.38,0.37,0.37,0.36,8
DD_LCC_remapped,2.619663644,0.0,2.0,14240,0.000281,13,3.998315,2.619663644,14240,28468,0.000281,13,3.998315,3,2,2,3,28480,28468,0.02,0.01,0.01,0.02,0.02,0.02,0.01,0.02,7
SW-10000-6-0d3-L5_LCC_remapped,1.222558864,0.120886712,3.98640136,10001,0.0006,12,5.9994,1.184191918,9868,29604,0.000608,11,6.0,3,0,4,8,30000,30000,0.02,0.02,0.02,0.02,0.02,0.02,0.01,0.02,7
cleaned_144_LCC_remapped,5.167688516,0.003199724114,2.000010238,1074393,4e-06,28,3.999993,1.149919149,11,20,0.363636,6,3.636364,3,2,3,5,2148786,2148782,3.91,4.26,4.01,4.15,4.06,4.03,4.18,4.1,6
cleaned_auto_LCC_remapped,5.152245926,0.002055165577,2.000004224,3314611,1e-06,39,3.999997,1.665986256,14,26,0.285714,9,3.714286,3,2,3,5,6629222,6629217,13.92,13.17,11.39,12.23,12.83,11.86,13.15,12.76,6
cleaned_bio-dmela_LCC_remapped,6.589207311,0.06241546402,2.003910986,25569,0.000156,192,3.998905,5.524346115,100,198,0.04,54,3.96,3,2,3,5,51138,51124,0.07,0.08,0.11,0.09,0.13,0.11,0.09,0.08,8
cleaned_citationCiteseer_LCC_remapped,8.647200638,0.006237310879,2.000038906,1156647,3e-06,1320,3.999995,3.6,45,87,0.087879,26,3.866667,3,2,3,5,2313294,2313291,8.27,8.19,10.53,10.23,10.42,9.73,10.08,9.58,8
cleaned_m14b_LCC_remapped,5.340939489,0.003363927809,2.000011316,1679018,2e-06,42,3.999994,2.686789267,19,36,0.210526,15,3.789474,3,2,3,5,3358036,3358031,6.33,5.81,5.87,5.5,5.97,5.97,5.6,5.46,8
cleaned_rgg_n_2_15_s0_LCC_remapped,4.194821819,0.007494287771,2.000056168,160235,2.5e-05,26,3.999975,0.9558139186,9,16,0.444444,6,3.555556,3,2,3,5,320470,320468,0.55,0.54,0.41,0.58,0.55,0.51,0.59,0.54,6
cleaned_rgg_n_2_16_s0_LCC_remapped,4.347666383,0.00540629797,2.000029229,342127,1.2e-05,29,3.999953,1.496662955,10,18,0.4,8,3.6,3,2,3,5,684254,684246,1.19,1.16,1.06,1.05,1.11,1.05,1.2,0.89,8
cleaned_rgg_n_2_17_s0_LCC_remapped,4.50013882,0.0,2.0,728750,5e-06,30,3.999989,4.50013882,728750,1457496,5e-06,30,3.999989,3,2,2,3,1457500,1457496,2.29,2.04,2.21,2.15,2.2,2.15,2.13,1.81,8
cleaned_rgg_n_2_18_s0_LCC_remapped,4.650214685,0.002126978797,2.000004524,1547283,3e-06,33,3.999997,0.4948716593,7,12,0.571429,4,3.428571,3,2,3,5,3094566,3094564,4.49,3.9,4.67,4.3,5.08,4.7,5.0,4.66,8
cleaned_rgg_n_2_19_s0_LCC_remapped,4.791622605,0.001564179263,2.000002447,3269760,1e-06,32,3.999998,0.7071067812,8,14,0.5,5,3.5,3,2,3,5,6539520,6539517,10.41,11.09,10.23,11.13,10.89,10.73,11.12,10.5,8
cleaned_rgg_n_2_20_s0_LCC_remapped,4.928733696,0.001319561628,2.000001741,6891617,1e-06,38,3.999999,1.649915823,12,22,0.333333,9,3.666667,3,2,3,5,13783234,13783232,21.88,18.35,21.93,21.06,21.53,21.39,21.27,19.53,8
cleaned_rgg_n_2_21_s0_LCC_remapped,5.06462234,0.0009100941954,2.000000828,14487992,0.0,39,3.999999,1.312334646,12,22,0.333333,7,3.666667,3,2,3,5,28975984,28975978,365.07,369.04,369.06,361.04,364.75,364.76,363.76,366.84,7
cleaned_tech-caidaRouterLevel_LCC_remapped,8.480071019,0.01103511735,2.000121789,607610,7e-06,1073,3.99997,6.892792734,74,146,0.0541,62,3.945946,3,2,3,5,1215220,1215211,3.5,3.4,3.05,3.15,3.28,2.7,3.41,3.27,6
cleaned_venturiLevel3_LCC_remapped,2.001895433,0.0,2.0,8054237,0.0,8,3.999999,2.001895433,8054237,16108470,0.0,8,3.999999,3,2,2,3,16108474,16108470,13.79,13.82,13.9,13.72,13.72,13.9,13.89,13.76,5
cop20k_A_LCC_remapped,7.414198049,0.006790796586,2.000046117,997462,4e-06,82,3.999996,5.830303471,46,90,0.086957,43,3.913043,3,2,3,5,1994924,1994922,5.02,5.51,4.87,4.38,3.55,4.06,3.61,3.86,5
out_cleaned_edit-itwikinews_LCC_remapped,45.78436572,0.05155280898,2.002664793,82558,4.8e-05,5607,3.999952,14.39474766,220,438,0.018182,217,3.981818,3,2,3,5,165116,165114,5.58,4.61,5.43,5.61,5.44,5.36,5.53,5.57,6
out_dimacs10-cond-mat-2005_cleaned_LCC_remapped,13.18733869,3.863678961,5.510792946,36459,0.000258,278,9.420664,0.0,30,435,1.0,29,29.0,3,0,29,64,171734,168974,141040.31,140173.66,140146.04,138925.29,145752.9,142872.57,144358.41,143202.67,6
roadNet-CA_cleaned_LCC_remapped,0.9915533256,0.3943559803,1.814700147,1957028,1e-06,12,2.821,0.5433041887,4454,7393,0.000746,7,3.319713,3,0,3,5,2760388,2393299,2.75,2.12,2.12,2.12,2.15,2.6,2.92,2.9,5
roadNet-PA_cleaned_LCC_remapped,1.016563798,0.3992735281,1.803754817,1087563,3e-06,9,2.834804,0.4698586467,916,1491,0.003558,6,3.255459,3,0,3,5,1541514,1327171,1.75,1.6,1.61,1.73,1.6,1.6,1.59,1.7,7
roadNet-TX_cleaned_LCC_remapped,1.006242677,0.4085266925,1.792086375,1351138,2e-06,12,2.781657,0.7464333758,1491,2500,0.002251,12,3.353454,3,0,3,5,1879201,1596792,2.01,1.41,1.42,1.4,1.41,1.42,1.4,1.4,7
as19971108_remapped,13.40551781,0.1912299737,2.038013964,5156,0.000775,592,3.997673,13.25455608,196,390,0.020408,189,3.979592,3,2,3,5,10312,10306,0.03,0.03,0.03,0.03,0.02,0.02,0.03,0.02,5
as19991006_remapped,17.30361252,0.1715873261,2.030364195,11395,0.000351,1330,3.999298,18.03849078,346,690,0.011561,339,3.988439,3,2,3,5,22790,22786,0.15,0.1,0.13,0.09,0.12,0.11,0.13,0.11,6
as19991007_remapped,17.31098774,0.1714125331,2.030300369,11386,0.000351,1329,3.999297,18.01078209,345,688,0.011594,338,3.988406,3,2,3,5,22772,22768,0.15,0.14,0.15,0.13,0.13,0.13,0.12,0.1,8
as19991008_remapped,17.36775855,0.1735129039,2.03107221,11425,0.00035,1340,3.99965,18.44382067,355,708,0.011268,351,3.988732,3,2,3,5,22850,22848,0.14,0.14,0.14,0.13,0.13,0.15,0.12,0.14,7
as19991009_remapped,17.35634763,0.1708901192,2.029923878,11429,0.00035,1339,3.999475,18.11575618,343,684,0.011662,339,3.988338,3,2,3,5,22858,22855,0.15,0.1,0.11,0.13,0.13,0.15,0.1,0.12,7
as19991010_remapped,17.35400788,0.1657838061,2.028098739,11424,0.00035,1340,3.999475,17.52690481,322,642,0.012422,318,3.987578,3,2,3,5,22848,22845,0.11,0.13,0.13,0.15,0.14,0.15,0.14,0.11,8
as19991011_remapped,17.36174952,0.1657556233,2.028088904,11428,0.00035,1341,3.999475,17.52690481,322,642,0.012422,318,3.987578,3,2,3,5,22856,22853,0.14,0.14,0.12,0.14,0.11,0.15,0.15,0.13,5
as19991013_remapped,17.37073394,0.1707815187,2.029884656,11444,0.00035,1342,3.999476,18.11575618,343,684,0.011662,339,3.988338,3,2,3,5,22888,22885,0.13,0.15,0.1,0.15,0.14,0.15,0.14,0.15,5
as19991016_remapped,17.37405768,0.1252160503,2.015752166,11427,0.00035,1345,3.999475,12.97126267,181,360,0.022099,178,3.977901,3,2,3,5,22854,22851,0.13,0.14,0.13,0.12,0.14,0.12,0.15,0.1,8
as19991017_remapped,17.41758827,0.1250599674,2.015712291,11456,0.000349,1351,3.999476,12.97126267,181,360,0.022099,178,3.977901,3,2,3,5,22912,22909,0.11,0.15,0.15,0.15,0.14,0.13,0.13,0.14,6
as19991018_remapped,17.44694701,0.1395102236,2.019676127,11486,0.000348,1355,3.999478,14.50382443,227,452,0.017621,222,3.982379,3,2,3,5,22972,22969,0.14,0.12,0.13,0.15,0.15,0.15,0.15,0.14,8
as19991019_remapped,17.45261736,0.125064897,2.015714534,11518,0.000347,1357,3.999479,13.00969885,182,362,0.021978,179,3.978022,3,2,3,5,23036,23033,0.14,0.15,0.12,0.12,0.15,0.14,0.14,0.13,8
as19991026_remapped,17.51856207,0.1642413325,2.027563773,11682,0.000342,1367,3.999486,17.50010619,323,644,0.012384,318,3.987616,3,2,3,5,23364,23361,0.11,0.15,0.14,0.15,0.13,0.15,0.15,0.15,5
as19991027_remapped,17.53965326,0.1702756882,2.029705506,11715,0.000341,1372,3.999488,18.22730989,349,696,0.011461,344,3.988539,3,2,3,5,23430,23427,0.15,0.15,0.15,0.14,0.13,0.17,0.15,0.13,5
as19991028_remapped,17.53699227,0.163948355,2.027462687,11725,0.000341,1373,3.999488,17.50010619,323,644,0.012384,318,3.987616,3,2,3,5,23450,23447,0.13,0.15,0.15,0.13,0.14,0.14,0.15,0.15,5
as19991031_remapped,17.50593293,0.168897599,2.029212355,11947,0.000335,1377,3.999498,18.30784019,350,698,0.011429,346,3.988571,3,2,3,5,23894,23891,0.1,0.09,0.15,0.15,0.14,0.13,0.15,0.15,6
as19991105_remapped,17.55679069,0.1696607953,2.029487713,12005,0.000333,1380,3.9995,18.44382067,355,708,0.011268,351,3.988732,3,2,3,5,24010,24007,0.15,0.14,0.14,0.16,0.15,0.16,0.1,0.16,7
as19991108_remapped,17.54076393,0.1236445044,2.015357795,12046,0.000332,1385,3.999502,13.1623269,186,370,0.021505,183,3.978495,3,2,3,5,24092,24089,0.15,0.16,0.16,0.11,0.15,0.15,0.14,0.16,7
as19991111_remapped,17.58698091,0.1685210977,2.029080752,12173,0.000329,1395,3.999507,18.44382067,355,708,0.011268,351,3.988732,3,2,3,5,24346,24343,0.16,0.16,0.16,0.15,0.16,0.12,0.15,0.12,6
as19991113_remapped,17.61795323,0.1626874536,2.027033689,12170,0.000329,1403,3.999507,17.75352731,330,658,0.012121,326,3.987879,3,2,3,5,24340,24337,0.16,0.16,0.16,0.15,0.17,0.15,0.14,0.13,8
as19991114_remapped,17.61179434,0.1233859457,2.015293537,12162,0.000329,1396,3.999507,13.20020953,187,372,0.02139,184,3.97861,3,2,3,5,24324,24321,0.16,0.16,0.13,0.15,0.14,0.16,0.16,0.14,5
as19991115_remapped,17.60470886,0.162692344,2.027035884,12206,0.000328,1399,3.999508,17.78165249,331,660,0.012085,327,3.987915,3,2,3,5,24412,24409,0.16,0.12,0.14,0.16,0.15,0.16,0.16,0.16,5
as19991116_remapped,17.61413309,0.1625241146,2.026978417,12232,0.000327,1399,3.999509,17.78165249,331,660,0.012085,327,3.987915,3,2,3,5,24464,24461,0.13,0.14,0.16,0.14,0.13,0.16,0.14,0.13,5
as19991118_remapped,17.61141909,0.1227943407,2.015144073,12216,0.000327,1397,3.999509,13.23564631,186,370,0.021505,184,3.978495,3,2,3,5,24432,24429,0.15,0.15,0.16,0.15,0.15,0.16,0.15,0.16,5
as19991121_remapped,17.61485567,0.1633836432,2.027272727,12100,0.000331,1396,3.999504,17.78165249,331,660,0.012085,327,3.987915,3,2,3,5,24200,24197,0.14,0.13,0.16,0.12,0.15,0.16,0.15,0.17,5
as19991122_remapped,17.55715742,0.1693849362,2.029389912,12113,0.00033,1396,3.999505,18.4979335,357,712,0.011204,353,3.988796,3,2,3,5,24226,24223,0.13,0.14,0.15,0.13,0.15,0.12,0.11,0.16,7
as19991204_remapped,17.75852431,0.1627182718,2.027044747,12202,0.000328,1414,3.999508,17.78165249,331,660,0.012085,327,3.987915,3,2,3,5,24404,24401,0.14,0.16,0.17,0.17,0.17,0.14,0.13,0.16,7
as19991205_remapped,17.772972,0.123678468,2.015368179,12168,0.000329,1412,3.999507,13.23798429,188,374,0.021277,185,3.978723,3,2,3,5,24336,24333,0.16,0.15,0.16,0.15,0.15,0.15,0.12,0.13,7
as19991206_remapped,17.77458506,0.1233892735,2.015295272,12226,0.000327,1417,3.999509,13.23798429,188,374,0.021277,185,3.978723,3,2,3,5,24452,24449,0.16,0.16,0.16,0.16,0.14,0.13,0.14,0.15,6
as20000102_remapped,18.03851449,0.1610743058,2.026487432,12572,0.000318,1460,3.999523,17.86576294,334,666,0.011976,330,3.988024,3,2,3,5,25144,25141,0.14,0.17,0.16,0.12,0.14,0.16,0.14,0.14,5
